id,name,model_id:id,group_id:id,perm_read,perm_write,perm_create,perm_unlink
access_hr_attendance_report_wizard_manager,hr_attendance_report_wizard_manager,model_hr_attendance_report_wizard,,1,1,1,1
access_hr_daily_attendance_report,attendance_report.model_hr_daily_attendance_report,model_hr_daily_attendance_report,,1,1,1,1
access_hr_daily_attendance_report_line,attendance_report.model_hr_daily_attendance_report_line,model_hr_daily_attendance_report_lines,,1,1,1,1
access_hr_daily_attendance_report_line2,attendance_report.model_hr_daily_attendance_report_line2,model_hr_daily_attendance_report_lines2,,1,1,1,1
